Ticker,Sector,Price,Score,Mom63,RVOL,RangePos63,AboveMA50,Piotroski,Quality,ROIC,OE_Yield,ShortPctFloat,DaysToCover,SuggestedStop
BWLP,Energy,25.49,0.884,0.366,1.18,0.88,True,4.0,ok,0.11337927817995043,0.08512918737099004,0.0063,1.9,23.45
QRVO,Technology,114.17,0.873,0.34,1.95,0.83,True,6.0,strong,0.09564174031760088,0.045201389802875774,0.0631,4.7,105.04
FET,Energy,82.3,0.872,0.666,1.13,0.82,True,4.0,ok,0.05392600633728436,0.0194677603895647,0.0567,2.6,75.72
NTNX,Technology,73.42,0.854,0.268,1.12,0.95,True,3.0,weak,0.10254734268836875,0.08013370747775857,0.0581,4.0,67.55
PAYS,Technology,14.95,0.851,0.535,1.49,0.98,True,5.0,ok,0.14977041285975753,0.010668018060533958,0.0361,2.0,13.75
VEON,Communication Services,77.19,0.851,0.374,1.38,0.94,True,5.0,ok,0.2576723498888065,0.08248025029247413,0.0062,2.4,71.01
DHT,Energy,23.71,0.85,0.422,1.31,0.86,True,5.0,ok,0.12295139715497225,0.002180450441349149,0.0971,3.9,21.81
STRC,Technology,99.43,0.849,0.191,1.05,0.98,True,2.0,weak,-0.0732668197609094,,,1.7,91.48
FRO,Energy,53.06,0.848,0.438,1.42,0.92,True,5.0,ok,0.09720555901919772,0.06514850450731927,0.0675,4.4,48.82
SHEL,Energy,96.85,0.846,0.178,1.15,0.87,True,4.0,ok,0.10550562319738294,0.07855197896777964,0.0154,4.1,89.1
TRMD,Energy,38.92,0.844,0.456,2.48,0.83,True,4.0,ok,0.10251006233303651,0.05335872416435339,0.0246,2.5,35.81
GCT,Technology,55.96,0.844,0.484,0.97,0.97,True,3.0,weak,0.26538275007233086,0.07266012131245417,0.1575,5.4,51.48
IDT,Communication Services,80.21,0.843,0.332,1.75,0.91,True,6.0,strong,0.7859501227718318,,0.0337,3.3,73.79
INSW,Energy,116.94,0.843,0.395,1.27,0.92,True,5.0,ok,0.11322748548716605,0.02542855049268064,0.0859,5.8,107.58
WK,Technology,71.53,0.84,0.272,3.02,0.7,True,4.0,ok,-0.018429190366694905,-0.004643538988746022,0.0853,5.1,65.81
LPG,Energy,56.21,0.839,0.457,1.05,0.83,True,5.0,ok,0.12657691404974142,0.0708009560181067,0.0597,3.4,51.71
TNK,Energy,102.12,0.839,0.406,1.0,0.91,True,3.0,weak,0.2168220470836289,0.04389973529930922,0.0319,1.7,93.95
SWKS,Technology,83.43,0.838,0.426,1.92,0.75,True,4.0,ok,0.08053419236079153,0.052834805010776316,0.3638,6.4,76.76
PBR,Energy,23.99,0.838,0.261,1.81,0.91,True,5.0,ok,0.13571665322692766,0.11478234797273879,,1.8,22.07
UGP,Energy,7.74,0.836,0.297,1.42,0.81,True,4.0,ok,0.14313508139842293,0.24830602668191096,0.0047,1.1,7.12
PBR-A,Energy,21.66,0.835,0.278,1.92,0.86,True,5.0,ok,0.13571665322692766,0.11768064699772654,0.0118,3.6,19.93
CMBT,Energy,19.95,0.83,0.268,1.05,0.85,True,3.0,weak,0.057964049212660504,-0.08600464395140862,0.0079,0.9,18.35
PD,Technology,15.37,0.823,0.444,1.04,0.93,True,4.0,ok,0.0466082765682739,0.15306756170940602,0.1252,5.8,14.14
NAT,Energy,8.21,0.82,0.391,1.45,0.83,True,4.0,ok,0.04739313026933086,-0.03973095149579548,0.0812,5.3,7.55
FRSH,Technology,13.6,0.814,0.23,1.84,0.83,True,4.0,ok,0.020100428297149607,0.05804076902555974,0.1015,3.5,12.51
