Ticker,Sector,Price,StormScore,Shakeout,Ret5,RangePos,RSI,Resid21,PeerCatchup,LowerBB,Range21,VolRatio,AboveMA50,Piotroski,Quality,ShortPctFloat,SuggestedStop,Regime
ERII,Industrials,7.27,0.856,5.0,-0.04967319965362549,0.0075187901966273785,24.390235900878906,0.0052757710218429565,0.054948970675468445,-0.17661888897418976,0.15724143385887146,0.6157097220420837,False,5,ok,0.0747,6.69,reversal
DHI,Consumer Cyclical,135.57,0.854,5.0,-0.061214566230773926,0.04642545431852341,27.889266967773438,0.00632254034280777,0.0675371065735817,-0.13293473422527313,0.15327149629592896,0.751785933971405,False,3,weak,0.0475,124.72,reversal
SLGN,Consumer Cyclical,38.57,0.852,5.0,-0.07082629203796387,0.09277156740427017,21.00354766845703,0.02979818731546402,0.10062447935342789,-0.15036194026470184,0.15265434980392456,0.6919329762458801,False,4,ok,0.1091,35.48,reversal
GRBK,Consumer Cyclical,67.5,0.851,5.0,-0.046340763568878174,0.041564811021089554,27.67676544189453,0.03938744217157364,0.08572820574045181,-0.017552772536873817,0.11822810024023056,0.5166294574737549,False,3,weak,0.0002,62.1,reversal
AAT,Real Estate,21.38,0.847,5.0,-0.03519856929779053,0.0,20.568649291992188,0.0024311766028404236,0.03762974590063095,0.04029874876141548,0.0668148323893547,0.4406031370162964,False,5,ok,0.0617,19.67,reversal
SUI,Real Estate,114.93,0.839,5.0,-0.04105132818222046,0.02366860955953598,28.049575805664062,0.011315785348415375,0.052367113530635834,-0.06883858144283295,0.10287061333656311,0.4424559473991394,False,4,ok,0.0662,105.74,reversal
CSV,Consumer Cyclical,32.19,0.833,5.0,-0.04932081699371338,0.01976434513926506,25.54107666015625,0.032091058790683746,0.08141187578439713,-0.4504656195640564,0.14343750476837158,0.5587913393974304,False,6,strong,0.0432,29.61,reversal
NAMS,Healthcare,21.86,0.831,3.0,-0.15435200929641724,0.00385365285910666,18.13361358642578,-0.19684965908527374,0.0,0.21890147030353546,0.31926611065864563,1.1929233074188232,False,3,weak,0.1311,20.11,reversal
CHDN,Consumer Cyclical,82.75,0.826,4.0,-0.08340716361999512,0.2166881412267685,28.079994201660156,0.011326052248477936,0.09473321586847305,-0.19648607075214386,0.15711145102977753,1.0616979598999023,False,4,ok,0.0632,76.13,reversal
ROL,Consumer Cyclical,34.56,0.826,5.0,-0.0322037935256958,0.016279542818665504,27.360336303710938,0.02294544130563736,0.05514923483133316,-0.17045943439006805,0.09839887171983719,0.5842796564102173,False,4,ok,0.0521,31.8,reversal
MLTX,Healthcare,13.18,0.826,4.0,-0.13232386112213135,0.0058997455053031445,14.364631652832031,-0.21738804876804352,0.0,0.1862775683403015,0.3513719141483307,0.770332396030426,False,1,weak,0.1157,12.13,reversal
SVC,Real Estate,6.87,0.82,3.0,-0.09724050760269165,0.004744616337120533,13.855422973632812,-0.14972737431526184,0.0,0.2579604983329773,0.24489793181419373,0.8998904228210449,False,5,ok,0.0394,6.32,reversal
UPST,Financial Services,25.1,0.819,4.0,-0.11991584300994873,0.0008467593579553068,20.58824920654297,-0.12229034304618835,0.0,-0.010339558124542236,0.2674371898174286,0.7808777689933777,False,2,weak,0.305,23.09,reversal
NMRK,Real Estate,14.17,0.817,4.0,-0.049949705600738525,0.04813598841428757,25.242721557617188,3.4593045711517334e-05,0.04998429864645004,-0.35343024134635925,0.167909175157547,0.9714550971984863,False,5,ok,0.0388,13.04,reversal
DIN,Consumer Cyclical,28.23,0.816,4.0,-0.1224743127822876,0.006622457876801491,9.314727783203125,-0.14932450652122498,0.0,-0.006187214981764555,0.3216187357902527,0.764579176902771,False,4,ok,0.1449,25.97,reversal
LGIH,Consumer Cyclical,48.7,0.815,4.0,-0.10592985153198242,0.014044944196939468,19.28569793701172,-0.06749781221151352,0.0,0.23246487975120544,0.25283798575401306,0.7701132893562317,False,2,weak,0.2129,44.8,reversal
MCFT,Consumer Cyclical,20.57,0.815,3.0,-0.11830264329910278,0.02237507328391075,17.004051208496094,-0.0922742709517479,0.0,0.36310961842536926,0.27054786682128906,1.4802062511444092,False,2,weak,0.0518,18.92,reversal
STRO,Healthcare,17.83,0.814,4.0,-0.13193774223327637,0.015179114416241646,24.961013793945312,-0.14524371922016144,0.0,0.0433882474899292,0.3339022099971771,0.521241307258606,False,1,weak,0.1095,16.4,reversal
IBP,Consumer Cyclical,201.72,0.813,3.0,-0.15136724710464478,0.04057063162326813,16.614837646484375,-0.09309103339910507,0.0,0.5534005761146545,0.2704355716705322,1.1309700012207031,False,5,ok,0.0994,185.58,reversal
LI,Consumer Cyclical,11.65,0.81,5.0,-0.033996760845184326,0.010090725496411324,24.074066162109375,0.010856784880161285,0.04485354572534561,-0.4043998420238495,0.13425132632255554,0.853654146194458,False,2,weak,0.0557,10.72,reversal
SYK,Healthcare,270.01,0.807,3.0,-0.12331563234329224,0.004465844482183456,13.81787109375,-0.2046767622232437,0.0,-0.19704072177410126,0.28556591272354126,1.1010234355926514,False,3,weak,0.0208,248.41,reversal
RBA,Industrials,80.54,0.806,5.0,-0.032784879207611084,0.02118600904941559,25.165077209472656,0.006028696894645691,0.038813576102256775,-0.302371084690094,0.10773546993732452,0.38261982798576355,False,5,ok,0.1054,74.1,reversal
BEAM,Healthcare,24.37,0.806,4.0,-0.17277657985687256,0.027311017736792564,29.059829711914062,-0.06994052231311798,0.0,-0.06763312220573425,0.3127606511116028,0.8499007821083069,False,2,weak,0.3862,22.42,reversal
LVS,Consumer Cyclical,42.6,0.803,5.0,-0.04291170835494995,0.05307546257972717,22.620506286621094,0.009189046919345856,0.05210075527429581,-0.39440059661865234,0.12799808382987976,0.8996708393096924,False,5,ok,0.1394,39.19,reversal
WSE,Technology,12.02,0.803,4.0,-0.08939391374588013,0.46925589442253113,28.448272705078125,0.02896849811077118,0.1183624118566513,0.016559114679694176,0.15274256467819214,0.6649298071861267,False,3,weak,,11.06,reversal
